{
  "name": "forien-unidentified-items",
  "title": "Forien's Unidentified Items",
  "description": "Provides system agnostic solution to handle unidentified items and their identification.",
  "author": "Forien — Forien#2130",
  "authors": [
    {
      "name": "Forien",
      "url": "https://www.patreon.com/foundryworkshop"
    }
  ],
  "version": "0.3.0",
  "minimumCoreVersion": "0.8.6",
  "compatibleCoreVersion": "0.8.9",
  "url": "https://github.com/Forien/foundryvtt-forien-unidentified-items",
  "manifest": "https://raw.githubusercontent.com/League-of-Foundry-Developers/foundryvtt-forien-unidentified-items/master/module.json",
  "download": "https://github.com/League-of-Foundry-Developers/foundryvtt-forien-unidentified-items/releases/download/v0.3.0/v0.3.0.zip",
  "readme": "https://github.com/League-of-Foundry-Developers/foundryvtt-forien-unidentified-items/blob/v0.3.0/README.md",
  "changelog": "https://github.com/League-of-Foundry-Developers/foundryvtt-forien-unidentified-items/blob/v0.3.0/changelog.md",
  "bugs": "https://github.com/League-of-Foundry-Developers/foundryvtt-forien-unidentified-items/issues",
  "wiki": "https://github.com/League-of-Foundry-Developers/foundryvtt-forien-unidentified-items/wiki",
  "languages": [
    {
      "lang": "en",
      "name": "English",
      "path": "lang/en.json"
    },
    {
      "lang": "ko",
      "name": "한국어",
      "path": "lang/ko.json"
    },
    {
      "lang": "pl",
      "name": "Polski",
      "path": "lang/pl.json"
    },
    {
      "lang": "pt-BR",
      "name": "Português (Brasil)",
      "path": "lang/pt-BR.json"
    },
    {
        "lang": "ja",
        "name": "日本語",
        "path": "./lang/ja.json"
    }
  ],
  "esmodules": [
    "./init.js"
  ],
  "styles": [
    "./styles/style.css"
  ],
  "scripts": [
  ],
  "socket": true
}
